,A,C,G,T
AAA,0.0,0.0007023784115336486,0.004832363471351502,0.0005057124563042269
AAC,0.0,0.0004252901281836242,0.005255370869697642,0.0002734007966894727
AAG,0.0,2.1602038256945993e-05,0.0015013416588577466,1.0801019128472996e-05
AAT,0.0,0.00031612738912603893,0.004643121027788696,0.0005729808927909456
CAA,0.0,0.0006750636955295623,0.002463982488682902,0.0022783399724122726
GAA,0.0,0.0001620152869270949,0.005616529946805957,0.0006480611477083796
TAA,0.0,0.0001859869365234508,0.002566619724023621,0.0007935442625000567
CAC,0.0,0.0012961222954167594,0.005265496825130585,0.004374412747031564
CAG,0.0,0.0001724678860836817,0.0009250550253579291,0.0006428348481300865
CAT,0.0,0.0005703599386719158,0.003223773566406481,0.002331036271093917
GAC,0.0,0.00018001698547454994,0.0058505520279228725,0.001800169854745499
GAG,0.0,3.329081238227978e-05,0.0016978314314962692,0.00023303568667595848
GAT,0.0,0.00012790680546875916,0.005052318816015987,0.0015348816656251096
TAC,0.0,0.0005577575451588514,0.00748988703499029,0.001553753161513943
TAG,0.0,7.1477332467836e-05,0.0011674630969746547,0.00011912888744639334
TAT,0.0,0.0002743807278604027,0.0036061467090224356,0.0005291628323022053
ACA,0.0010056121257543823,0.0,1.6760202095906374e-05,0.010089641661735637
ACC,0.002710640377434088,0.0,9.347035784255475e-05,0.026639051985128104
ACG,0.0009720917215625695,0.0,0.0,0.01885857939831385
ACT,0.0005054876952125362,0.0,1.9441834431251393e-05,0.005249295296437876
CCA,0.001553753161513943,0.0,0.0,0.010477873884055565
GCA,0.0009493083218384468,0.0,7.594466574707574e-05,0.007024881581604506
TCA,0.0018507130852825843,0.0,9.347035784255478e-05,0.007552404913678425
CCC,0.013123238241094692,0.0,0.00048604586078128485,0.054194113477113254
CCG,0.002804110735276643,0.0,0.0005608221470553285,0.028788870215506867
CCT,0.00214431997403508,0.0,0.0,0.015248497593138347
GCC,0.000747762862740438,0.0,0.0,0.013085850097957666
GCG,0.002430229303906424,0.0,0.0,0.03305111853312737
GCT,0.0006339728618886323,0.0,5.2831071824052696e-05,0.00845297149184843
TCC,0.002961841964135954,0.0,7.594466574707574e-05,0.016024324472632984
TCG,0.0040098783514456,0.0,0.0,0.015431956079805794
TCT,0.0010753227008435506,0.0,0.00017205163213496806,0.005441132866268365
AGA,0.014226967383285525,5.062977716471717e-05,0.0,0.0006581871031413231
AGC,0.024403552593393676,0.0,0.0,0.0009113359889649091
AGG,0.009615255071977592,0.0,0.0,0.00010566214364810539
AGT,0.01320205648878895,0.0,0.0,0.000788182476942624
CGA,0.06622374853145005,0.0,0.0,0.002430229303906424
GGA,0.017686668822874528,0.0004050382173177373,0.0,0.0010801019128472997
TGA,0.011611095563108471,0.0,0.0,0.001935182593851412
CGC,0.12394169449922762,0.0,0.0,0.007290687911719272
CGG,0.04617435677422206,0.00048604586078128485,0.0,0.0029162751646877086
CGT,0.04455420390495111,0.0,0.0,0.002430229303906424
GGC,0.006943512296875497,0.0,0.0,0.0
GGG,0.02089997201359525,0.0,0.0,0.00048604586078128485
GGT,0.01899997455781386,0.00022092993671876584,0.0,0.0015465095570313609
TGC,0.016017420412110524,0.00022092993671876584,0.0,0.0014360445886719777
TGG,0.00766456934308949,0.0,0.0,0.0005608221470553285
TGT,0.013267738361867502,0.0,0.0,0.0020361380654351116
ATA,0.0005937492049316831,0.008616267532031867,0.00016569745253907435,0.0
ATC,0.0002260678422238534,0.0034136244175801862,4.521356844477068e-05,0.0
ATG,0.00011782929958334176,0.003269763063437734,2.945732489583544e-05,0.0
ATT,0.000169854736294535,0.00411571091790604,3.919724683720038e-05,0.0
CTA,0.0020693041597619056,0.011814283051663904,0.0002887401153156147,0.0
GTA,0.0006943512296875496,0.009339024039297542,0.00013887024593750994,0.0
TTA,0.0014079899935330869,0.006789212023611596,0.00027002547821182487,0.0
CTC,0.0021186614444312414,0.008723900065305112,0.0002804110735276643,0.0
CTG,0.0007732547785156804,0.0053759617934899685,7.364331223958861e-05,0.0
CTT,0.0015578392973759128,0.01037520972052358,0.00043619500326525553,0.0
GTC,0.0003780356694965548,0.0037803566949655477,5.4005095642364975e-05,0.0
GTG,0.00010125955432943432,0.002902773890777118,0.00010125955432943432,0.0
GTT,0.00045977311154986393,0.0048276176712735725,0.000295568428853484,0.0
TTC,0.0013085850097957668,0.0060194910450605274,0.00011216442941106573,0.0
TTG,0.0008891082819169845,0.004238082810470959,0.0002370955418445292,0.0
TTT,0.0010878169265104945,0.004258687542083638,0.0003240305738541898,0.0
